Cluster,Length,A,C,D,E,F,G,H,I,K,L,M,N,P,Q,R,S,T,V,W,Y,Count
0,565.2259786476868,0.05981488073277361,0.0265243586052574,0.04515140057771206,0.06172117925839655,0.03348640658571313,0.07087728121347965,0.026615737042186675,0.06360214961344932,0.07438764120531076,0.08126542372229328,0.012547585400785407,0.07293270855047206,0.03369176386485622,0.02646010717842187,0.031788096238118055,0.08262892736784233,0.06514704613734013,0.06520884717060974,0.017698832049999183,0.047588113436025814,1124
1,565.6065573770492,0.054829243427166295,0.03181614276818092,0.052780613977452165,0.049477623233040474,0.038347028230767376,0.07580152411762367,0.019100820359779242,0.08740455299980013,0.06483360549826238,0.07590044730820242,0.015172288222995163,0.07759154419558312,0.0347089498949119,0.04311492044173715,0.04868622415490231,0.07658597395740996,0.05762162672224489,0.04458486238099815,0.01949876062839668,0.0321357959157161,244
2,328.4324324324324,0.04598570728258022,0.027139916213680906,0.050989224112973804,0.029196130223667655,0.030562333651201874,0.07120176570609545,0.019179920938280727,0.07136777989219106,0.057050581853826346,0.07103129555130559,0.009641998696232874,0.083965363965029,0.058833952094557454,0.03896104721868892,0.05417541546627987,0.09567097157117892,0.07718224547313197,0.055235159511064724,0.01663393708624788,0.035921409155644665,222
3,284.69230769230774,0.048973330521243606,0.026251146656613586,0.028233127136324303,0.07084707547588814,0.03287302082815019,0.06946331702937755,0.030802836439200596,0.05318656734584043,0.05257819321753888,0.0876357925386932,0.005606843093529701,0.07420116811943547,0.059390048596321396,0.023447291708187636,0.039265925147894,0.1045167395010079,0.058240567294231466,0.06181403872049652,0.023795743160767997,0.04887722746925649,39
